Workbook

Sheet Data
A1: 5 | B1: Bug-fea15164-c7e3-4c37-abf0-de5146a5c3cb | C1: 41317 | D1: 49 | E1: 41389 | F1: =E1-C1 -> 72
A2: 1 | B2: Bug-4e857a0d-f472-4e73-b18a-3e3258f15d14 | C2: 41682 | D2: 14 | E2: 41866 | F2: =E2-C2 -> 184
A3: 2 | B3: Bug-b8e4bcb4-d71f-4a82-994d-8aaa0ee9bd15 | C3: 41603 | D3: 19 | E3: 41694 | F3: =E3-C3 -> 91
A4: 4 | B4: Bug-017dd2ff-7f93-49ff-9f7d-6de93de234d6 | C4: 41454 | D4: 10 | E4: 41513 | F4: =E4-C4 -> 59
A5: 3 | B5: Bug-33c86ce7-be47-40a3-953e-28e6f085cca5 | C5: 41018 | D5: 24 | E5: 41320 | F5: =E5-C5 -> 302
A6: 5 | B6: Bug-fd2179d0-838b-4bec-af6e-bb7cc668bd44 | C6: 40675 | D6: 43 | E6: 40861 | F6: =E6-C6 -> 186
A7: 5 | B7: Bug-71df3ce3-5145-4ecb-bc10-540dd497aa1b | C7: 41676 | D7: 8 | E7: 41739 | F7: =E7-C7 -> 63
A8: 1 | B8: Bug-f2680ce5-089a-4fcc-9341-97cc26d548d0 | C8: 41192 | D8: 16 | E8: 41320 | F8: =E8-C8 -> 128
A9: 5 | B9: Bug-9269dbd6-b717-4a3e-a269-c74da006b568 | C9: 41534 | D9: 9 | E9: 41541 | F9: =E9-C9 -> 7
A10: 5 | B10: Bug-ed6d7169-ee6c-48cf-a48d-ad3b5684564f | C10: 41201 | D10: 8 | E10: 41320 | F10: =E10-C10 -> 119
A11: 1 | B11: Bug-c51e6248-6aba-4b9e-86cf-3592e1ad172c | C11: 41477 | D11: 6 | E11: 41513 | F11: =E11-C11 -> 36
A12: 1 | B12: Bug-661a2734-7d84-4d6c-afb2-85e51b918111 | C12: 41521 | D12: 21 | E12: 41541 | F12: =E12-C12 -> 20
... A311: 2 | B311: Bug-97406d95-dec7-4830-a71b-4cd1676ba2ff | C311: 41432 | D311: 12 | E311: 41513 | F311: =E311-C311 -> 81

Sheet Statistics
A1: Topic | B1: Total Docs | C1: Total Comments | D1: Avg. Comments | E1: Total time (day) | F1: Ava. Time To Close
A2: 0 | B2: =COUNTIF(Data!A1:A311,Statistics!A2) -> 13 | C2: =SUMIF(Data!A1:A311,Statistics!A2,Data!D1:D311) -> 178 | D2: =C2/B2 -> 13.692308 | E2: =SUMIF(Data!A1:A311,Statistics!A2,Data!F1:F311) -> 1078 | F2: =E2/B2 -> 82.923077
A3: 4 | B3: =COUNTIF(Data!A1:A311,Statistics!A6) -> 58 | C3: =SUMIF(Data!A1:A311,Statistics!A6,Data!D1:D311) -> 1055 | D3: =C3/B3 -> 18.189655 | E3: =SUMIF(Data!A1:A311,Statistics!A3,Data!F1:F311) -> 5021 | F3: =E3/B3 -> 86.568966
A4: 2 | B4: =COUNTIF(Data!A1:A311,Statistics!A4) -> 47 | C4: =SUMIF(Data!A1:A311,Statistics!A4,Data!D1:D311) -> 828 | D4: =C4/B4 -> 17.617021 | E4: =SUMIF(Data!A1:A311,Statistics!A4,Data!F1:F311) -> 8049 | F4: =E4/B4 -> 171.25532
A5: 5 | B5: =COUNTIF(Data!A1:A311,Statistics!A7) -> 83 | C5: =SUMIF(Data!A1:A311,Statistics!A7,Data!D1:D311) -> 1288 | D5: =C5/B5 -> 15.518072 | E5: =SUMIF(Data!A1:A311,Statistics!A5,Data!F1:F311) -> 8924 | F5: =E5/B5 -> 107.51807
A6: 3 | B6: =COUNTIF(Data!A1:A311,Statistics!A5) -> 65 | C6: =SUMIF(Data!A1:A311,Statistics!A5,Data!D1:D311) -> 1012 | D6: =C6/B6 -> 15.569231 | E6: =SUMIF(Data!A1:A311,Statistics!A6,Data!F1:F311) -> 8061 | F6: =E6/B6 -> 124.01538
A7: 1 | B7: =COUNTIF(Data!A1:A311,Statistics!A3) -> 45 | C7: =SUMIF(Data!A1:A311,Statistics!A3,Data!D1:D311) -> 821 | D7: =C7/B7 -> 18.244444 | E7: =SUMIF(Data!A1:A311,Statistics!A7,Data!F1:F311) -> 11836 | F7: =E7/B7 -> 263.02222
